-- Início da transação
BEGIN;

-- Bloqueio das tabelas
LOCK TABLES `clients` WRITE, `product_categories` WRITE, `products` WRITE, `orders_master` WRITE, `order_items` WRITE;

-- Inserção de dados nas tabelas bloqueadas
INSERT INTO `clients` (`id`, `name`, `email`, `phone_number`)
VALUES
    (1, 'João da Silva', 'joao.silva@email.com', '11988787765'),
    (2, 'Maria Oliveira', 'maria.oliveira@email.com', '95987456765'),
    (3, 'Carlos Pereira', 'carlos.pereira@email.com', '11977876545'),
	(4, 'Ana Santos', 'ana.santos@example.com', '9876543210'),
    (5, 'Pedro Costa', 'pedro.costa@example.com', '8765432109'),
    (6, 'Mariana Silva', 'mariana.silva@example.com', '7654321098'),
    (7, 'Lucas Oliveira', 'lucas.oliveira@example.com', '6543210987'),
    (8, 'Amanda Pereira', 'amanda.pereira@example.com', '5432109876'),
    (9, 'Gabriel Fernandes', 'gabriel.fernandes@example.com', '4321098765'),
    (10, 'Julia Martins', 'julia.martins@example.com', '3210987654'),
    (11, 'Felipe Lima', 'felipe.lima@example.com', '2109876543'),
    (12, 'Isabela Almeida', 'isabela.almeida@example.com', '1098765432'),
    (13, 'Rafael Sousa', 'rafael.sousa@example.com', '1234567890'),
	(14, 'Laura Lima', 'laura.lima@example.com', '9876543210'),
    (15, 'Vinícius Santos', 'vinicius.santos@example.com', '8765432109'),
    (16, 'Beatriz Oliveira', 'beatriz.oliveira@example.com', '7654321098'),
    (17, 'Gustavo Costa', 'gustavo.costa@example.com', '6543210987'),
    (18, 'Sophia Pereira', 'sophia.pereira@example.com', '5432109876'),
    (19, 'Enzo Fernandes', 'enzo.fernandes@example.com', '4321098765'),
    (20, 'Lara Martins', 'lara.martins@example.com', '3210987654'),
    (21, 'Raul Lima', 'raul.lima@example.com', '2109876543'),
    (22, 'Camila Almeida', 'camila.almeida@example.com', '1098765432'),
    (23, 'Arthur Sousa', 'arthur.sousa@example.com', '1234567890'),
    (24, 'Fernanda Costa', 'fernanda.costa@example.com', '9876543210'),
    (25, 'Eduardo Oliveira', 'eduardo.oliveira@example.com', '8765432109'),
    (26, 'Isabela Fernandes', 'isabela.fernandes@example.com', '7654321098'),
    (27, 'Lucas Pereira', 'lucas.pereira@example.com', '6543210987'),
    (28, 'Mariana Costa', 'mariana.costa@example.com', '5432109876'),
    (29, 'Gabriel Fernandes', 'gabriel.fernandes@example.com', '4321098765'),
    (30, 'Julia Lima', 'julia.lima@example.com', '3210987654'),
    (31, 'Felipe Almeida', 'felipe.almeida@example.com', '2109876543'),
    (32, 'Isabela Sousa', 'isabela.sousa@example.com', '1098765432'),
    (33, 'Rafael Martins', 'rafael.martins@example.com', '1234567890'),
    (34, 'Laura Costa', 'laura.costa@example.com', '9876543210'),
    (35, 'Vinícius Oliveira', 'vinicius.oliveira@example.com', '8765432109'),
    (36, 'Beatriz Fernandes', 'beatriz.fernandes@example.com', '7654321098'),
    (37, 'Gustavo Lima', 'gustavo.lima@example.com', '6543210987'),
    (38, 'Sophia Almeida', 'sophia.almeida@example.com', '5432109876'),
    (39, 'Enzo Pereira', 'enzo.pereira@example.com', '4321098765'),
    (40, 'Lara Costa', 'lara.costa@example.com', '3210987654'),
    (41, 'Raul Fernandes', 'raul.fernandes@example.com', '2109876543'),
    (42, 'Camila Lima', 'camila.lima@example.com', '1098765432'),
    (43, 'Arthur Almeida', 'arthur.almeida@example.com', '1234567890'),
    (44, 'Fernanda Oliveira', 'fernanda.oliveira@example.com', '9876543210'),
    (45, 'Eduardo Fernandes', 'eduardo.fernandes@example.com', '8765432109'),
    (46, 'Isabela Pereira', 'isabela.pereira@example.com', '7654321098'),
    (47, 'Lucas Costa', 'lucas.costa@example.com', '6543210987'),
    (48, 'Mariana Lima', 'mariana.lima@example.com', '5432109876'),
    (49, 'Gabriel Almeida', 'gabriel.almeida@example.com', '4321098765'),
    (50, 'Julia Fernandes', 'julia.fernandes@example.com', '3210987654');

INSERT INTO `product_categories` (`id`, `name`, `description`, `is_active`)
VALUES
    (1, 'Eletrônicos', 'Eletrônicos', true),
    (2, 'Informática', 'Informática', true),
    (3, 'Acessórios', 'Acessórios', true),
	(4, 'Roupas', 'Roupas', true),
    (5, 'Calçados', 'Calçados', true),
    (6, 'Cosméticos', 'Cosméticos', true),
    (7, 'Brinquedos', 'Brinquedos', true),
    (8, 'Móveis', 'Móveis', true),
    (9, 'Alimentos', 'Alimentos', true),
    (10, 'Esportes', 'Artigos Esportivos', true);

INSERT INTO `products` (`id`, `name`, `description`, `price`, `stock_quantity`, `category_id`)
VALUES
    (1, 'Smartphone XPTO', 'Smartphone XPTO', 150000, 4, 1),
    (2, 'Notebook ABC 15', 'Notebook ABC 15', 300000, 10, 2),
    (3, 'Fone de Ouvido XYZ', 'Fone de Ouvido XYZ', 20000, 23, 3),
	(4, 'Smart TV 4K', 'Smart TV 4K', 200000, 8, 1),
    (5, 'Tablet XYZ', 'Tablet XYZ', 100000, 15, 2),
    (6, 'Fone Bluetooth ABC', 'Fone Bluetooth ABC', 5000, 30, 3),
    (7, 'Camiseta Casual', 'Camiseta Casual', 3000, 50, 4),
    (8, 'Tênis Esportivo', 'Tênis Esportivo', 8000, 20, 5),
    (9, 'Perfume Floral', 'Perfume Floral', 35000, 10, 6),
    (10, 'Boneco de Pelúcia', 'Boneco de Pelúcia', 1500, 40, 7),
    (11, 'Sofá Moderno', 'Sofá Moderno', 50000, 5, 8),
    (12, 'Arroz Integral', 'Arroz Integral', 500, 100, 9),
    (13, 'Bola de Futebol', 'Bola de Futebol', 3000, 25, 10),
	(14, 'Câmera Fotográfica Profissional', 'Câmera Fotográfica Profissional', 250000, 3, 1),
    (15, 'Ultrabook Super Rápido', 'Ultrabook Super Rápido', 400000, 7, 2),
    (16, 'Caixa de Som Bluetooth', 'Caixa de Som Bluetooth', 12000, 18, 3),
    (17, 'Blusa de Frio', 'Blusa de Frio', 7000, 25, 4),
    (18, 'Sapatênis Confortável', 'Sapatênis Confortável', 9000, 15, 5),
    (19, 'Kit Maquiagem Profissional', 'Kit Maquiagem Profissional', 60000, 8, 6),
    (20, 'Brinquedo Educativo', 'Brinquedo Educativo', 2500, 35, 7),
    (21, 'Mesa de Jantar', 'Mesa de Jantar', 100000, 2, 8),
    (22, 'Pacote de Arroz Integral', 'Pacote de Arroz Integral', 1000, 80, 9),
    (23, 'Bicicleta Mountain Bike', 'Bicicleta Mountain Bike', 150000, 10, 10),
    (24, 'Relógio de Pulso Elegante', 'Relógio de Pulso Elegante', 18000, 12, 6),
    (25, 'Chapéu de Praia', 'Chapéu de Praia', 1500, 30, 7),
    (26, 'Tapete Decorativo', 'Tapete Decorativo', 8000, 5, 8),
    (27, 'Azeite de Oliva Extra Virgem', 'Azeite de Oliva Extra Virgem', 3000, 40, 9),
    (28, 'Raquete de Tênis', 'Raquete de Tênis', 12000, 15, 10),
    (29, 'Máquina de Café Expresso', 'Máquina de Café Expresso', 45000, 8, 1),
    (30, 'Mochila Executiva', 'Mochila Executiva', 7000, 20, 2),
    (31, 'Caixa de Ferramentas', 'Caixa de Ferramentas', 60000, 5, 3),
    (32, 'Calça Jeans Moderna', 'Calça Jeans Moderna', 4000, 25, 4),
    (33, 'Sandália de Couro', 'Sandália de Couro', 10000, 12, 5),
    (34, 'Kit de Perfumes Importados', 'Kit de Perfumes Importados', 90000, 6, 6),
    (35, 'Quebra-Cabeça Difícil', 'Quebra-Cabeça Difícil', 3500, 30, 7),
    (36, 'Estante de Livros', 'Estante de Livros', 25000, 3, 8),
    (37, 'Farinha de Aveia', 'Farinha de Aveia', 800, 50, 9),
    (38, 'Bola de Basquete', 'Bola de Basquete', 5000, 20, 10),
    (39, 'Impressora Multifuncional', 'Impressora Multifuncional', 180000, 7, 1),
    (40, 'Mouse Gamer', 'Mouse Gamer', 12000, 15, 2),
    (41, 'Teclado sem Fio', 'Teclado sem Fio', 8000, 25, 3),
    (42, 'Blazer Elegante', 'Blazer Elegante', 15000, 10, 4),
    (43, 'Sapato Social', 'Sapato Social', 12000, 15, 5),
    (44, 'Kit de Maquiagem Natural', 'Kit de Maquiagem Natural', 35000, 8, 6),
    (45, 'Jogo de Tabuleiro', 'Jogo de Tabuleiro', 3000, 40, 7),
    (46, 'Cama Box Queen', 'Cama Box Queen', 120000, 5, 8),
    (47, 'Feijão Preto', 'Feijão Preto', 600, 60, 9),
    (48, 'Bola de Vôlei', 'Bola de Vôlei', 4000, 25, 10),
    (49, 'Secador de Cabelo Profissional', 'Secador de Cabelo Profissional', 8000, 12, 6),
    (50, 'Luminária de Mesa', 'Luminária de Mesa', 5000, 20, 7);

INSERT INTO `orders_master` (`id`, `date`, `order_number`, `client_id`, `created_at`, `updated_at`)
VALUES
    (1, '2023-11-24 08:00:00', 5001, 1, '2023-11-24 08:00:00', '2023-11-24 08:00:00'),
    (2, '2023-11-25 10:30:00', 5002, 2, '2023-11-25 10:30:00', '2023-11-25 10:30:00'),
    (3, '2023-11-26 15:45:00', 5003, 3, '2023-11-26 15:45:00', '2023-11-26 15:45:00'),
    (4, '2023-11-27 09:15:00', 5004, 4, '2023-11-27 09:15:00', '2023-11-27 09:15:00'),
    (5, '2023-11-28 11:45:00', 5005, 5, '2023-11-28 11:45:00', '2023-11-28 11:45:00'),
    (6, '2023-11-29 14:30:00', 5006, 6, '2023-11-29 14:30:00', '2023-11-29 14:30:00'),
    (7, '2023-11-30 17:00:00', 5007, 7, '2023-11-30 17:00:00', '2023-11-30 17:00:00'),
    (8, '2023-12-01 20:30:00', 5008, 8, '2023-12-01 20:30:00', '2023-12-01 20:30:00'),
    (9, '2023-12-02 23:45:00', 5009, 9, '2023-12-02 23:45:00', '2023-12-02 23:45:00'),
    (10, '2023-12-03 12:15:00', 5010, 10, '2023-12-03 12:15:00', '2023-12-03 12:15:00'),
    (11, '2023-12-04 15:30:00', 5011, 11, '2023-12-04 15:30:00', '2023-12-04 15:30:00'),
    (12, '2023-12-05 18:45:00', 5012, 12, '2023-12-05 18:45:00', '2023-12-05 18:45:00'),
    (13, '2023-12-06 21:00:00', 5013, 13, '2023-12-06 21:00:00', '2023-12-06 21:00:00'),
    (14, '2023-12-07 09:30:00', 5014, 14, '2023-12-07 09:30:00', '2023-12-07 09:30:00'),
    (15, '2023-12-08 12:45:00', 5015, 15, '2023-12-08 12:45:00', '2023-12-08 12:45:00'),
    (16, '2023-12-09 15:15:00', 5016, 16, '2023-12-09 15:15:00', '2023-12-09 15:15:00'),
    (17, '2023-12-10 18:30:00', 5017, 17, '2023-12-10 18:30:00', '2023-12-10 18:30:00'),
    (18, '2023-12-11 21:45:00', 5018, 18, '2023-12-11 21:45:00', '2023-12-11 21:45:00'),
    (19, '2023-12-12 10:15:00', 5019, 19, '2023-12-12 10:15:00', '2023-12-12 10:15:00'),
    (20, '2023-12-13 13:30:00', 5020, 20, '2023-12-13 13:30:00', '2023-12-13 13:30:00'),
    (21, '2023-12-14 16:45:00', 5021, 21, '2023-12-14 16:45:00', '2023-12-14 16:45:00'),
    (22, '2023-12-15 20:00:00', 5022, 22, '2023-12-15 20:00:00', '2023-12-15 20:00:00'),
    (23, '2023-12-16 09:30:00', 5023, 23, '2023-12-16 09:30:00', '2023-12-16 09:30:00'),
    (24, '2023-12-17 14:15:00', 5024, 24, '2023-12-17 14:15:00', '2023-12-17 14:15:00'),
    (25, '2023-12-18 17:30:00', 5025, 25, '2023-12-18 17:30:00', '2023-12-18 17:30:00'),
    (26, '2023-12-19 20:45:00', 5026, 26, '2023-12-19 20:45:00', '2023-12-19 20:45:00'),
    (27, '2023-12-20 10:15:00', 5027, 27, '2023-12-20 10:15:00', '2023-12-20 10:15:00'),
    (28, '2023-12-21 13:30:00', 5028, 28, '2023-12-21 13:30:00', '2023-12-21 13:30:00'),
    (29, '2023-12-22 16:45:00', 5029, 29, '2023-12-22 16:45:00', '2023-12-22 16:45:00'),
    (30, '2023-12-23 20:00:00', 5030, 30, '2023-12-23 20:00:00', '2023-12-23 20:00:00'),
    (31, '2023-12-24 09:30:00', 5031, 31, '2023-12-24 09:30:00', '2023-12-24 09:30:00'),
    (32, '2023-12-25 12:45:00', 5032, 32, '2023-12-25 12:45:00', '2023-12-25 12:45:00'),
    (33, '2023-12-26 15:15:00', 5033, 33, '2023-12-26 15:15:00', '2023-12-26 15:15:00'),
    (34, '2023-12-27 18:30:00', 5034, 34, '2023-12-27 18:30:00', '2023-12-27 18:30:00'),
    (35, '2023-12-28 21:45:00', 5035, 35, '2023-12-28 21:45:00', '2023-12-28 21:45:00'),
    (36, '2023-12-29 10:15:00', 5036, 36, '2023-12-29 10:15:00', '2023-12-29 10:15:00'),
    (37, '2023-12-30 13:30:00', 5037, 37, '2023-12-30 13:30:00', '2023-12-30 13:30:00'),
    (38, '2023-12-31 16:45:00', 5038, 38, '2023-12-31 16:45:00', '2023-12-31 16:45:00'),
    (39, '2024-01-01 20:00:00', 5039, 39, '2024-01-01 20:00:00', '2024-01-01 20:00:00'),
    (40, '2024-01-02 09:30:00', 5040, 40, '2024-01-02 09:30:00', '2024-01-02 09:30:00'),
    (41, '2024-01-03 12:45:00', 5041, 41, '2024-01-03 12:45:00', '2024-01-03 12:45:00'),
    (42, '2024-01-04 15:15:00', 5042, 42, '2024-01-04 15:15:00', '2024-01-04 15:15:00'),
    (43, '2024-01-05 18:30:00', 5043, 43, '2024-01-05 18:30:00', '2024-01-05 18:30:00'),
    (44, '2024-01-06 21:45:00', 5044, 44, '2024-01-06 21:45:00', '2024-01-06 21:45:00'),
    (45, '2024-01-07 10:15:00', 5045, 45, '2024-01-07 10:15:00', '2024-01-07 10:15:00'),
    (46, '2024-01-08 13:30:00', 5046, 46, '2024-01-08 13:30:00', '2024-01-08 13:30:00'),
    (47, '2024-01-09 16:45:00', 5047, 47, '2024-01-09 16:45:00', '2024-01-09 16:45:00'),
    (48, '2024-01-10 20:00:00', 5048, 48, '2024-01-10 20:00:00', '2024-01-10 20:00:00'),
    (49, '2024-01-11 09:30:00', 5049, 49, '2024-01-11 09:30:00', '2024-01-11 09:30:00'),
    (50, '2024-01-12 12:45:00', 5050, 50, '2024-01-12 12:45:00', '2024-01-12 12:45:00');

INSERT INTO `order_items` (`id`, `order_master_id`, `product_id`, `quantity`, `discount_percentage`, `tax_percentage`, `created_at`, `updated_at`)
VALUES
	(1, 1, 1, 1, 5.0, 2.5, '2023-11-24 08:00:00', '2023-11-24 08:00:00'),
	(2, 1, 2, 3, 5.0, 2.5, '2023-11-24 08:00:00', '2023-11-24 08:00:00'),
	(3, 1, 3, 2, 5.0, 2.5, '2023-11-24 08:00:00', '2023-11-24 08:00:00'),
	(4, 2, 2, 2, 0.0, 3.0, '2023-11-25 10:30:00', '2023-11-25 10:30:00'),
	(5, 2, 3, 4, 0.0, 3.0, '2023-11-25 10:30:00', '2023-11-25 10:30:00'),
	(6, 2, 4, 3, 0.0, 3.0, '2023-11-25 10:30:00', '2023-11-25 10:30:00'),
	(7, 3, 3, 3, 10.0, 4.5, '2023-11-26 15:45:00', '2023-11-26 15:45:00'),
	(8, 3, 4, 4, 10.0, 4.5, '2023-11-26 15:45:00', '2023-11-26 15:45:00'),
	(9, 3, 5, 5, 10.0, 4.5, '2023-11-26 15:45:00', '2023-11-26 15:45:00'),
	(10, 4, 4, 1, 5.0, 2.5, '2023-11-27 09:15:00', '2023-11-27 09:15:00'),
	(11, 4, 5, 7, 5.0, 2.5, '2023-11-27 09:15:00', '2023-11-27 09:15:00'),
	(12, 4, 6, 3, 5.0, 2.5, '2023-11-27 09:15:00', '2023-11-27 09:15:00'),
	(13, 5, 5, 2, 2.5, 1.0, '2023-11-28 11:45:00', '2023-11-28 11:45:00'),
	(14, 5, 6, 5, 2.5, 1.0, '2023-11-28 11:45:00', '2023-11-28 11:45:00'),
	(15, 5, 7, 3, 2.5, 1.0, '2023-11-28 11:45:00', '2023-11-28 11:45:00'),
	(16, 6, 6, 3, 3.0, 3.0, '2023-11-29 14:30:00', '2023-11-29 14:30:00'),
	(17, 6, 7, 5, 3.0, 3.0, '2023-11-29 14:30:00', '2023-11-29 14:30:00'),
	(18, 6, 8, 1, 3.0, 3.0, '2023-11-29 14:30:00', '2023-11-29 14:30:00'),
	(19, 7, 7, 2, 2.0, 2.0, '2023-11-30 17:00:00', '2023-11-30 17:00:00'),
	(20, 7, 8, 1, 2.0, 2.0, '2023-11-30 17:00:00', '2023-11-30 17:00:00'),
	(21, 7, 9, 2, 2.0, 2.0, '2023-11-30 17:00:00', '2023-11-30 17:00:00'),
	(22, 8, 8, 4, 1.5, 0.5, '2023-12-01 19:45:00', '2023-12-01 19:45:00'),
	(23, 8, 9, 3, 1.5, 0.5, '2023-12-01 19:45:00', '2023-12-01 19:45:00'),
	(24, 8, 10, 1, 1.5, 0.5, '2023-12-01 19:45:00', '2023-12-01 19:45:00'),
	(25, 9, 9, 1, 0.5, 1.0, '2023-12-02 22:15:00', '2023-12-02 22:15:00'),
	(26, 9, 10, 3, 0.5, 1.0, '2023-12-02 22:15:00', '2023-12-02 22:15:00'),
	(27, 9, 11, 4, 0.5, 1.0, '2023-12-02 22:15:00', '2023-12-02 22:15:00'),
	(28, 10, 10, 5, 2.0, 2.0, '2023-12-03 01:00:00', '2023-12-03 01:00:00'),
	(29, 10, 11, 2, 2.0, 2.0, '2023-12-03 01:00:00', '2023-12-03 01:00:00'),
	(30, 10, 12, 2, 2.0, 2.0, '2023-12-03 01:00:00', '2023-12-03 01:00:00'),
	(31, 11, 11, 3, 1.0, 3.0, '2023-12-04 04:30:00', '2023-12-04 04:30:00'),
	(32, 11, 12, 4, 1.0, 3.0, '2023-12-04 04:30:00', '2023-12-04 04:30:00'),
	(33, 11, 13, 3, 1.0, 3.0, '2023-12-04 04:30:00', '2023-12-04 04:30:00'),
	(34, 12, 12, 2, 3.0, 1.5, '2023-12-05 07:15:00', '2023-12-05 07:15:00'),
	(35, 12, 13, 2, 3.0, 1.5, '2023-12-05 07:15:00', '2023-12-05 07:15:00'),
	(36, 12, 14, 1, 3.0, 1.5, '2023-12-05 07:15:00', '2023-12-05 07:15:00'),
	(37, 13, 13, 3, 0.0, 2.0, '2023-12-06 09:45:00', '2023-12-06 09:45:00'),
	(38, 13, 14, 2, 0.0, 2.0, '2023-12-06 09:45:00', '2023-12-06 09:45:00'),
	(39, 13, 15, 3, 0.0, 2.0, '2023-12-06 09:45:00', '2023-12-06 09:45:00'),
	(40, 14, 14, 1, 4.0, 1.5, '2023-12-07 12:30:00', '2023-12-07 12:30:00'),
	(41, 14, 15, 3, 4.0, 1.5, '2023-12-07 12:30:00', '2023-12-07 12:30:00'),
	(42, 14, 16, 2, 4.0, 1.5, '2023-12-07 12:30:00', '2023-12-07 12:30:00'),
	(43, 15, 15, 3, 1.0, 2.0, '2023-12-08 15:00:00', '2023-12-08 15:00:00'),
	(44, 15, 16, 4, 1.0, 2.0, '2023-12-08 15:00:00', '2023-12-08 15:00:00'),
	(45, 15, 17, 2, 1.0, 2.0, '2023-12-08 15:00:00', '2023-12-08 15:00:00'),
	(46, 16, 16, 5, 2.5, 1.5, '2023-12-09 18:15:00', '2023-12-09 18:15:00'),
	(47, 16, 17, 3, 2.5, 1.5, '2023-12-09 18:15:00', '2023-12-09 18:15:00'),
	(48, 16, 18, 2, 2.5, 1.5, '2023-12-09 18:15:00', '2023-12-09 18:15:00'),
	(49, 17, 17, 2, 1.0, 3.0, '2023-12-10 21:00:00', '2023-12-10 21:00:00'),
	(50, 17, 18, 5, 1.0, 3.0, '2023-12-10 21:00:00', '2023-12-10 21:00:00'),
	(51, 17, 19, 3, 1.0, 3.0, '2023-12-10 21:00:00', '2023-12-10 21:00:00'),
	(52, 18, 18, 1, 2.0, 2.5, '2023-12-11 23:30:00', '2023-12-11 23:30:00'),
	(53, 18, 19, 3, 2.0, 2.5, '2023-12-11 23:30:00', '2023-12-11 23:30:00'),
	(54, 18, 20, 2, 2.0, 2.5, '2023-12-11 23:30:00', '2023-12-11 23:30:00'),
	(55, 19, 19, 2, 3.0, 1.0, '2023-12-12 02:00:00', '2023-12-12 02:00:00'),
	(56, 19, 20, 1, 3.0, 1.0, '2023-12-12 02:00:00', '2023-12-12 02:00:00'),
	(57, 19, 21, 2, 3.0, 1.0, '2023-12-12 02:00:00', '2023-12-12 02:00:00'),
	(58, 20, 20, 4, 1.5, 2.5, '2023-12-13 04:45:00', '2023-12-13 04:45:00'),
	(59, 20, 21, 2, 1.5, 2.5, '2023-12-13 04:45:00', '2023-12-13 04:45:00'),
	(60, 20, 22, 3, 1.5, 2.5, '2023-12-13 04:45:00', '2023-12-13 04:45:00'),
	(61, 21, 21, 1, 0.5, 1.0, '2023-12-14 07:15:00', '2023-12-14 07:15:00'),
	(62, 21, 22, 2, 0.5, 1.0, '2023-12-14 07:15:00', '2023-12-14 07:15:00'),
	(63, 21, 23, 1, 0.5, 1.0, '2023-12-14 07:15:00', '2023-12-14 07:15:00'),
	(64, 22, 22, 2, 2.0, 3.0, '2023-12-15 09:45:00', '2023-12-15 09:45:00'),
	(65, 22, 23, 3, 2.0, 3.0, '2023-12-15 09:45:00', '2023-12-15 09:45:00'),
	(66, 22, 24, 1, 2.0, 3.0, '2023-12-15 09:45:00', '2023-12-15 09:45:00'),
	(67, 23, 23, 1, 3.0, 2.0, '2023-12-16 12:30:00', '2023-12-16 12:30:00'),
	(68, 23, 24, 5, 3.0, 2.0, '2023-12-16 12:30:00', '2023-12-16 12:30:00'),
	(69, 23, 25, 3, 3.0, 2.0, '2023-12-16 12:30:00', '2023-12-16 12:30:00'),
	(70, 24, 24, 5, 1.0, 1.5, '2023-12-17 15:00:00', '2023-12-17 15:00:00'),
	(71, 24, 25, 2, 1.0, 1.5, '2023-12-17 15:00:00', '2023-12-17 15:00:00'),
	(72, 24, 26, 1, 1.0, 1.5, '2023-12-17 15:00:00', '2023-12-17 15:00:00'),
	(73, 25, 25, 4, 4.0, 2.0, '2023-12-18 18:15:00', '2023-12-18 18:15:00'),
	(74, 25, 26, 3, 4.0, 2.0, '2023-12-18 18:15:00', '2023-12-18 18:15:00'),
	(75, 25, 27, 1, 4.0, 2.0, '2023-12-18 18:15:00', '2023-12-18 18:15:00'),
	(76, 26, 26, 5, 1.5, 3.0, '2023-12-19 21:00:00', '2023-12-19 21:00:00'),
	(77, 26, 27, 2, 1.5, 3.0, '2023-12-19 21:00:00', '2023-12-19 21:00:00'),
	(78, 26, 28, 1, 1.5, 3.0, '2023-12-19 21:00:00', '2023-12-19 21:00:00'),
	(79, 27, 27, 3, 2.0, 1.0, '2023-12-20 23:30:00', '2023-12-20 23:30:00'),
	(80, 27, 28, 3, 2.0, 1.0, '2023-12-20 23:30:00', '2023-12-20 23:30:00'),
	(81, 27, 29, 4, 2.0, 1.0, '2023-12-20 23:30:00', '2023-12-20 23:30:00'),
	(82, 28, 28, 1, 3.0, 2.5, '2023-12-21 02:00:00', '2023-12-21 02:00:00'),
	(83, 28, 29, 2, 3.0, 2.5, '2023-12-21 02:00:00', '2023-12-21 02:00:00'),
	(84, 28, 30, 1, 3.0, 2.5, '2023-12-21 02:00:00', '2023-12-21 02:00:00'),
	(85, 29, 29, 2, 0.0, 1.0, '2023-12-22 04:45:00', '2023-12-22 04:45:00'),
	(86, 29, 30, 3, 0.0, 1.0, '2023-12-22 04:45:00', '2023-12-22 04:45:00'),
	(87, 29, 31, 1, 0.0, 1.0, '2023-12-22 04:45:00', '2023-12-22 04:45:00'),
	(88, 30, 30, 3, 2.5, 3.0, '2023-12-23 07:15:00', '2023-12-23 07:15:00'),
	(89, 30, 31, 5, 2.5, 3.0, '2023-12-23 07:15:00', '2023-12-23 07:15:00'),
	(90, 30, 32, 3, 2.5, 3.0, '2023-12-23 07:15:00', '2023-12-23 07:15:00'),
	(91, 31, 31, 1, 1.0, 1.5, '2023-12-24 09:45:00', '2023-12-24 09:45:00'),
	(92, 31, 32, 2, 1.0, 1.5, '2023-12-24 09:45:00', '2023-12-24 09:45:00'),
	(93, 31, 33, 1, 1.0, 1.5, '2023-12-24 09:45:00', '2023-12-24 09:45:00'),
	(94, 32, 32, 2, 3.0, 2.0, '2023-12-25 12:30:00', '2023-12-25 12:30:00'),
	(95, 32, 33, 5, 3.0, 2.0, '2023-12-25 12:30:00', '2023-12-25 12:30:00'),
	(96, 32, 34, 2, 3.0, 2.0, '2023-12-25 12:30:00', '2023-12-25 12:30:00'),
	(97, 33, 33, 3, 1.5, 1.0, '2023-12-26 15:00:00', '2023-12-26 15:00:00'),
	(98, 33, 34, 1, 1.5, 1.0, '2023-12-26 15:00:00', '2023-12-26 15:00:00'),
	(99, 33, 35, 3, 1.5, 1.0, '2023-12-26 15:00:00', '2023-12-26 15:00:00'),
	(100, 34, 34, 2, 2.0, 2.5, '2023-12-27 18:15:00', '2023-12-27 18:15:00'),
	(101, 34, 35, 1, 2.0, 2.5, '2023-12-27 18:15:00', '2023-12-27 18:15:00'),
	(102, 34, 36, 2, 2.0, 2.5, '2023-12-27 18:15:00', '2023-12-27 18:15:00'),
	(103, 35, 35, 3, 0.5, 3.0, '2023-12-28 21:00:00', '2023-12-28 21:00:00'),
	(104, 35, 36, 1, 0.5, 3.0, '2023-12-28 21:00:00', '2023-12-28 21:00:00'),
	(105, 35, 37, 3, 0.5, 3.0, '2023-12-28 21:00:00', '2023-12-28 21:00:00'),
	(106, 36, 36, 1, 1.0, 2.0, '2023-12-29 23:30:00', '2023-12-29 23:30:00'),
	(107, 36, 37, 2, 1.0, 2.0, '2023-12-29 23:30:00', '2023-12-29 23:30:00'),
	(108, 36, 38, 1, 1.0, 2.0, '2023-12-29 23:30:00', '2023-12-29 23:30:00'),
	(109, 37, 37, 3, 2.5, 1.5, '2023-12-30 02:00:00', '2023-12-30 02:00:00'),
	(110, 37, 38, 2, 2.5, 1.5, '2023-12-30 02:00:00', '2023-12-30 02:00:00'),
	(111, 37, 39, 2, 2.5, 1.5, '2023-12-30 02:00:00', '2023-12-30 02:00:00'),
	(112, 38, 38, 3, 1.0, 0.5, '2023-12-31 04:45:00', '2023-12-31 04:45:00'),
	(113, 38, 39, 2, 1.0, 0.5, '2023-12-31 04:45:00', '2023-12-31 04:45:00'),
	(114, 38, 40, 3, 1.0, 0.5, '2023-12-31 04:45:00', '2023-12-31 04:45:00'),
	(115, 39, 39, 2, 3.0, 1.0, '2024-01-01 07:15:00', '2024-01-01 07:15:00'),
	(116, 39, 40, 3, 3.0, 1.0, '2024-01-01 07:15:00', '2024-01-01 07:15:00'),
	(117, 39, 41, 2, 3.0, 1.0, '2024-01-01 07:15:00', '2024-01-01 07:15:00'),
	(118, 40, 40, 3, 1.5, 2.0, '2024-01-02 09:45:00', '2024-01-02 09:45:00'),
	(119, 40, 41, 1, 1.5, 2.0, '2024-01-02 09:45:00', '2024-01-02 09:45:00'),
	(120, 40, 42, 3, 1.5, 2.0, '2024-01-02 09:45:00', '2024-01-02 09:45:00'),
	(121, 41, 41, 1, 2.0, 3.0, '2024-01-03 12:30:00', '2024-01-03 12:30:00'),
	(122, 41, 42, 2, 2.0, 3.0, '2024-01-03 12:30:00', '2024-01-03 12:30:00'),
	(123, 41, 43, 1, 2.0, 3.0, '2024-01-03 12:30:00', '2024-01-03 12:30:00'),
	(124, 42, 42, 2, 0.0, 1.5, '2024-01-04 15:00:00', '2024-01-04 15:00:00'),
	(125, 42, 43, 1, 0.0, 1.5, '2024-01-04 15:00:00', '2024-01-04 15:00:00'),
	(126, 42, 44, 2, 0.0, 1.5, '2024-01-04 15:00:00', '2024-01-04 15:00:00'),
	(127, 43, 43, 3, 2.5, 2.0, '2024-01-05 18:15:00', '2024-01-05 18:15:00'),
	(128, 43, 44, 2, 2.5, 2.0, '2024-01-05 18:15:00', '2024-01-05 18:15:00'),
	(129, 43, 45, 3, 2.5, 2.0, '2024-01-05 18:15:00', '2024-01-05 18:15:00'),
	(130, 44, 44, 2, 1.0, 1.0, '2024-01-06 21:00:00', '2024-01-06 21:00:00'),
	(131, 44, 45, 3, 1.0, 1.0, '2024-01-06 21:00:00', '2024-01-06 21:00:00'),
	(132, 44, 46, 2, 1.0, 1.0, '2024-01-06 21:00:00', '2024-01-06 21:00:00'),
	(133, 45, 45, 1, 3.0, 2.5, '2024-01-07 23:30:00', '2024-01-07 23:30:00'),
	(134, 45, 46, 5, 3.0, 2.5, '2024-01-07 23:30:00', '2024-01-07 23:30:00'),
	(135, 45, 47, 3, 3.0, 2.5, '2024-01-07 23:30:00', '2024-01-07 23:30:00'),
	(136, 46, 46, 3, 1.5, 3.0, '2024-01-08 02:00:00', '2024-01-08 02:00:00'),
	(137, 46, 47, 2, 1.5, 3.0, '2024-01-08 02:00:00', '2024-01-08 02:00:00'),
	(138, 46, 48, 1, 1.5, 3.0, '2024-01-08 02:00:00', '2024-01-08 02:00:00'),
	(139, 47, 47, 1, 2.0, 1.5, '2024-01-09 04:45:00', '2024-01-09 04:45:00'),
	(140, 47, 48, 3, 2.0, 1.5, '2024-01-09 04:45:00', '2024-01-09 04:45:00'),
	(141, 47, 49, 4, 2.0, 1.5, '2024-01-09 04:45:00', '2024-01-09 04:45:00'),
	(142, 48, 48, 4, 0.5, 2.0, '2024-01-10 07:15:00', '2024-01-10 07:15:00'),
	(143, 48, 49, 3, 0.5, 2.0, '2024-01-10 07:15:00', '2024-01-10 07:15:00'),
	(144, 48, 50, 3, 0.5, 2.0, '2024-01-10 07:15:00', '2024-01-10 07:15:00'),
	(145, 49, 49, 1, 1.0, 3.0, '2024-01-11 09:45:00', '2024-01-11 09:45:00'),
	(146, 49, 50, 2, 1.0, 3.0, '2024-01-11 09:45:00', '2024-01-11 09:45:00'),
	(147, 49, 1, 2, 1.0, 3.0, '2024-01-11 09:45:00', '2024-01-11 09:45:00'),
	(148, 50, 50, 3, 2.5, 1.0, '2024-01-12 12:30:00', '2024-01-12 12:30:00'),
	(149, 50, 1, 1, 2.5, 1.0, '2024-01-12 12:30:00', '2024-01-12 12:30:00'),
	(150, 50, 2, 3, 2.5, 1.0, '2024-01-12 12:30:00', '2024-01-12 12:30:00');

-- Desbloqueio das tabelas
UNLOCK TABLES;

-- Fim da transação
COMMIT;
